"文件名","英文名称","中文说明","Unicode","分类","来源模块"
"airplane_fill.svg","airplane_fill","飞行模式","U+F0113","系统UI","状态栏"
"alarm_fill_1.svg","alarm_fill_1","闹钟","U+F05EF","时间","时钟"
"arrow_clockwise.svg","arrow_clockwise","邮件","U+F00C7","系统UI / 箭头","电子邮件"
"arrow_counterclockwise.svg","arrow_counterclockwise","恢复","U+F00C8","系统UI / 箭头","图库"
"arrow_counterclockwise_clock.svg","arrow_counterclockwise_clock","历史记录","U+F03D5","系统UI / 箭头","计算器"
"arrow_down_and_rectangle_on_rectangle.svg","arrow_down_and_rectangle_on_rectangle","移出相册","U+F041D","相机与照片","图库"
"arrow_down_circle.svg","arrow_down_circle","下载","U+F089D","箭头","华为音乐"
"arrow_down_right_and_arrow_up_left.svg","arrow_down_right_and_arrow_up_left","ic_reduce","U+F00C9","系统UI / 箭头","备忘录"
"arrow_left.svg","arrow_left","返加","U+F00CA","箭头","邮件"
"arrow_left_circle.svg","arrow_left_circle","返回","U+F069F","箭头","智慧屏"
"arrow_right.svg","arrow_right","箭头","U+F0231","箭头","截录屏"
"arrow_right_circle.svg","arrow_right_circle","迁移","U+F06A0","箭头","数据克隆"
"arrow_right_folder_circle.svg","arrow_right_folder_circle","移至","U+F00BA","办公文件","邮件"
"arrow_right_folder_fill.svg","arrow_right_folder_fill","移至","U+F00BB","办公文件","邮件"
"arrow_right_up_and_square.svg","arrow_right_up_and_square","新页签打开","U+F00CB","系统UI / 箭头","浏览器"
"arrow_up_and_rectangle_on_rectangle.svg","arrow_up_and_rectangle_on_rectangle","移入相册","U+F0420","相机与照片","图库"
"arrow_up_circle.svg","arrow_up_circle","检查更新","U+F00CC","箭头","应用市场"
"arrow_up_circle_fill.svg","arrow_up_circle_fill","发送","U+F0232","箭头","通信社交"
"arrow_up_left.svg","arrow_up_left","快捷填充搜索词","U+F0233","箭头","浏览器"
"arrow_up_left_and_arrow_down_right.svg","arrow_up_left_and_arrow_down_right","放大","U+F00CD","系统UI / 箭头","输入法"
"arrow_up_to_line.svg","arrow_up_to_line","一键回顶","U+F00CF","箭头","邮件"
"arrowshape_3_triangle_path.svg","arrowshape_3_triangle_path","节能","U+F04F5","箭头","智慧助手"
"arrowshape_down_to_line_fill.svg","arrowshape_down_to_line_fill","下载量","U+F00D0","箭头","应用市场"
"arrowshape_turn_up_right_fill.svg","arrowshape_turn_up_right_fill","转发","U+F08C2","系统UI / 箭头","邮件"
"arrowshape_up.svg","arrowshape_up","翻译输入","U+F023D","箭头","输入法"
"arrowshape_up_fill.svg","arrowshape_up_fill","拍摄输入","U+F0239","箭头","输入法"
"arrowshape_up_frame_fill.svg","arrowshape_up_frame_fill","换肤","U+F023A","箭头","输入法"
"arrowshape_up_left_and_arrowshape_down_right.svg","arrowshape_up_left_and_arrowshape_down_right","最大化窗口","U+F07EE","箭头","智慧多窗"
"arrowshape_up_to_line_fill.svg","arrowshape_up_to_line_fill","置顶","U+F0010","箭头","全搜"
"arrowtriangle_down_fill.svg","arrowtriangle_down_fill","下拉列表","U+F023F","箭头","全搜"
"arrowtriangle_up_fill.svg","arrowtriangle_up_fill","收起列表","U+F0240","箭头","全搜"
"asterisk_rectangle_badge_handwritten.svg","asterisk_rectangle_badge_handwritten","手写","U+F02EE","键盘","输入法"
"backward_end_fill.svg","backward_end_fill","上一首","U+F00A6","媒体","播控"
"battery.svg","battery","检测项_电池 ","U+F011A","系统UI","DFS"
"battery_75percent.svg","battery_75percent","设备的电量 会根据设备实际电量动态变化","U+F0659","系统UI","查找设备"
"beidou_satellite_circle_fill.svg","beidou_satellite_circle_fill","畅连北斗卫星","U+F0516","通信","通信社交"
"beidou_satellite_fill.svg","beidou_satellite_fill","北斗卫星消息","U+F06AD","通信","通信社交"
"bell_fill.svg","bell_fill","播放铃声","U+F01D1","系统UI","查找设备"
"bell_slash.svg","bell_slash","静音","U+F01D3","系统UI","智慧生活"
"bell_slash_fill.svg","bell_slash_fill","响铃静音","U+F01D2","系统UI","状态栏"
"bluetooth.svg","bluetooth","检测项_蓝牙 ","U+F0254","系统UI / 连接","DFS"
"bluetooth_slash.svg","bluetooth_slash","三态开关补充","U+F0253","系统UI / 连接","状态栏"
"bolt.svg","bolt","电费","U+F0262","符号标识","钱包"
"bolt_filled_on_circle.svg","bolt_filled_on_circle","功率","U+F025F","符号标识","APP"
"bolt_shield_fill.svg","bolt_shield_fill","应急预警","U+F07F1","符号标识","通信社交"
"book_open_fill.svg","book_open_fill","书城-选中","U+F07C9","办公文件","华为阅读"
"book_pages_fill_1.svg","book_pages_fill_1","小说","U+F08BF","办公文件","浏览器"
"bookmark.svg","bookmark","标记打点","U+F000A","系统UI","录音机"
"bookmark_filled_on_bookmark.svg","bookmark_filled_on_bookmark","hitouch稍后阅读","U+F065A","系统UI","hivison/hitouch"
"briefcase.svg","briefcase","工具箱","U+F065F","办公文件","浏览器"
"brush.svg","brush","换肤","U+F000D","系统UI","输入法"
"brush_fill.svg","brush_fill","主题-选中态","U+F000C","系统UI","主题"
"calculator_1.svg","calculator_1","计算器","U+F085F","编辑","锁屏AOD"
"calendar.svg","calendar","日历","U+F03DA","时间","应用市场"
"calendar_badge_clock.svg","calendar_badge_clock","预约新游","U+F03D8","时间","应用市场"
"calendar_fill.svg","calendar_fill","新建","U+F03D9","时间","日历"
"camera.svg","camera","拍照","U+F045B","相机与照片","SDK"
"camera_fill.svg","camera_fill","拍照","U+F0438","相机与照片","图库"
"camera_filters_fill.svg","camera_filters_fill","选中滤镜","U+F082C","相机与照片","绘画"
"capture_smiles.svg","capture_smiles","笑脸抓拍","U+F05C8","相机与照片","相机"
"case_fill.svg","case_fill","保险理财","U+F0660","办公文件","通信社交"
"celiakeyboard_elevate.svg","celiakeyboard_elevate","键盘抬高","U+F0492","键盘","输入法"
"celiakeyboard_mechanical.svg","celiakeyboard_mechanical","机械键盘","U+F02F2","键盘","输入法"
"celiakeyboard_menu_icon_size.svg","celiakeyboard_menu_icon_size","编辑键盘","U+F02F3","键盘","输入法"
"character_arrow_clockwise.svg","character_arrow_clockwise","自动优化","U+F01D6","编辑","图库"
"character_viewfinder.svg","character_viewfinder","文字识别","U+F01D8","编辑","图库"
"checkmark.svg","checkmark","确认","U+F0013","系统UI","备忘录"
"checkmark_circle.svg","checkmark_circle","清单","U+F000F","系统UI","备忘录"
"checkmark_circle_fill.svg","checkmark_circle_fill","口算批改","U+F000E","系统UI","打印和扫描"
"checkmark_clipboard_fill.svg","checkmark_clipboard_fill","开发","U+F018A","办公文件","应用市场"
"checkmark_shield.svg","checkmark_shield","安全检测","U+F045E","隐私&安全","应用市场"
"checkmark_shield_fill.svg","checkmark_shield_fill","安全保护","U+F045D","隐私&安全","智慧生活"
"checkmark_square.svg","checkmark_square","多选选","U+F0012","系统UI","图库"
"checkmark_square_fill.svg","checkmark_square_fill","已选","U+F01DA","系统UI","图库"
"checkmark_square_on_square.svg","checkmark_square_on_square","全选","U+F0011","系统UI","备忘录"
"checkmark_square_on_square_fill.svg","checkmark_square_on_square_fill","取消全选","U+F01D9","系统UI","备忘录"
"chevron_down.svg","chevron_down","向下","U+F00DB","箭头","图库"
"chevron_down_2_circle.svg","chevron_down_2_circle","下一页","U+F06C0","箭头","预览"
"chevron_down_circle.svg","chevron_down_circle","下键","U+F06C1","箭头","智慧屏"
"chevron_left.svg","chevron_left","返回","U+F00DA","箭头","图库"
"chevron_left_2.svg","chevron_left_2","滑动进入","U+F06C2","箭头","华为阅读"
"chevron_left_circle.svg","chevron_left_circle","左键","U+F06C3","箭头","智慧屏"
"chevron_right.svg","chevron_right","下一步","U+F00D9","箭头","图库"
"chevron_right_circle.svg","chevron_right_circle","右键","U+F06C4","箭头","智慧屏"
"chevron_up.svg","chevron_up","向上","U+F00D8","箭头","图库"
"chevron_up_2.svg","chevron_up_2","上滑查看更多内容","U+F06C6","箭头","浏览器"
"chevron_up_2_circle.svg","chevron_up_2_circle","上一页","U+F06C5","箭头","预览"
"chevron_up_circle.svg","chevron_up_circle","上键","U+F045F","箭头","智慧屏"
"children.svg","children","少儿","U+F0663","人物","华为视频"
"circle.svg","circle","工具箱","U+F0007","形状","锁屏AOD"
"circle_dashed.svg","circle_dashed","套索","U+F0134","编辑","笔记"
"circle_lefthalf_inset_filled.svg","circle_lefthalf_inset_filled","黑白","U+F005C","相机与照片","图库"
"circle_righthalf_inset_filled.svg","circle_righthalf_inset_filled","饱和度","U+F005D","相机与照片","图库"
"circle_viewfinder.svg","circle_viewfinder","扫一扫","U+F0123","系统UI","智慧屏"
"clean.svg","clean","清理加速","U+F0016","系统UI","应用市场"
"clean_fill.svg","clean_fill","保洁","U+F0015","系统UI","智慧生活"
"clock.svg","clock","时长","U+F03DD","时间","相机"
"clock_fill.svg","clock_fill","运动时间","U+F03DC","时间","APP"
"close_sidebar.svg","close_sidebar","关闭","U+F089F","编辑","备忘录"
"crop_rotate.svg","crop_rotate","裁剪","U+F0161","编辑","图库"
"cut.svg","cut","截取","U+F005F","编辑","图库"
"delete_left.svg","delete_left","删除","U+F00DD","键盘","通信社交"
"delete_left_fill.svg","delete_left_fill","删除","U+F0541","键盘","通信社交"
"dial.svg","dial","拨号盘_加粗","U+F0081","通信","通信社交"
"discover_fill.svg","discover_fill","发现","U+F01DB","媒体","智慧生活"
"doc.svg","doc","草稿箱","U+F00BD","办公文件","邮件"
"doc_plaintext.svg","doc_plaintext","ic_notes","U+F00C1","办公文件","备忘录"
"doc_plaintext_and_pencil.svg","doc_plaintext_and_pencil","问题与建议","U+F05AF","办公文件","教育中心"
"doc_plaintext_and_pencil_fill.svg","doc_plaintext_and_pencil_fill","写作业","U+F0669","办公文件","教育中心"
"doc_plaintext_fill.svg","doc_plaintext_fill","备忘录","U+F00C2","办公文件","锁屏AOD"
"doc_text.svg","doc_text","日志","U+F00BC","办公文件","DFS"
"doc_text_badge_arrow_up.svg","doc_text_badge_arrow_up","上报征信","U+F05B1","办公文件","钱包"
"doc_text_badge_checkmark.svg","doc_text_badge_checkmark"," 已完成","U+F00C4","办公文件","备忘录"
"doc_text_badge_magnifyingglass.svg","doc_text_badge_magnifyingglass","页内查找","U+F05B3","办公文件","浏览器"
"doc_text_fill.svg","doc_text_fill","文件","U+F00BF","办公文件","全搜"
"dot_grid_1x2.svg","dot_grid_1x2","ic_more_list","U+F0060","系统UI","备忘录"
"dot_grid_2x2.svg","dot_grid_2x2","更多","U+F0061","系统UI","全搜"
"dot_radiowaves_left_and_right.svg","dot_radiowaves_left_and_right","分享","U+F0279","连接","全场景协同"
"dot_video_fill.svg","dot_video_fill","录屏","U+F0082","相机与照片","控制中心"
"drop.svg","drop","虚化","U+F0063","相机与照片","图库"
"drop_bottomrighthalf_inset_filled.svg","drop_bottomrighthalf_inset_filled","自然饱和度","U+F0136","相机与照片","图库"
"ear.svg","ear","聆听","U+F05C9","人物","APP"
"ellipsis_bubble.svg","ellipsis_bubble","评论","U+F0473","通信","主题"
"ellipsis_message.svg","ellipsis_message","系统消息","U+F0085","通信","应用市场"
"ellipsis_message_fill.svg","ellipsis_message_fill","消息","U+F0084","通信","通信社交"
"envelope.svg","envelope","消息","U+F0088","通信","应用市场"
"envelope_fill.svg","envelope_fill","邮件","U+F0089","通信","邮件"
"envelope_open_fill.svg","envelope_open_fill","标记为已读","U+F008A","通信","邮件"
"eraser_line.svg","eraser_line","橡皮擦","U+F0065","编辑","笔记"
"exclamationmark.svg","exclamationmark","ic_importance","U+F010B","符号标识","备忘录"
"exclamationmark_circle.svg","exclamationmark_circle","异常、错误","U+F0109","符号标识","全搜"
"exclamationmark_shield_fill.svg","exclamationmark_shield_fill","恶意网址拦截","U+F0477","符号标识","浏览器"
"exclamationmark_triangle_fill.svg","exclamationmark_triangle_fill","警示","U+F06D7","符号标识","通信社交"
"externaldrive.svg","externaldrive","移动存储设备","U+F00DF","系统UI","文管"
"externaldrive_fill.svg","externaldrive_fill","移动存储设备 filled","U+F00DE","系统UI","文管"
"externaldrive_fill_3.svg","externaldrive_fill_3","类别","U+F011E","系统UI","应用市场"
"eye.svg","eye","护眼模式","U+F0120","系统UI / 隐私&安全","状态栏"
"eye_slash.svg","eye_slash","密码不可见","U+F011F","系统UI / 隐私&安全","全搜"
"face.svg","face","人脸识别","U+F05CA","人物","身份验证"
"face_smiling.svg","face_smiling","表情符号和人物","U+F05D0","人物","输入法"
"fast_forward.svg","fast_forward","倍速快进","U+F066B","媒体","华为视频"
"figure_arms_open.svg","figure_arms_open","站立","U+F05D1","人物","APP"
"figure_running.svg","figure_running","运动","U+F07D5","人物","智慧助手"
"flag.svg","flag","目标","U+F01AC","系统UI","APP"
"flashlight_off_fill.svg","flashlight_off_fill","手电筒关","U+F001A","系统UI","锁屏AOD"
"flashlight_on_fill.svg","flashlight_on_fill","手电筒开","U+F001C","系统UI","锁屏AOD"
"flower.svg","flower","超级微距","U+F0284","相机与照片","相机"
"folder.svg","folder","存储","U+F00C5","办公文件","应用市场"
"folder_badge_eye.svg","folder_badge_eye","显示隐藏文件夹","U+F05BD","办公文件","文管"
"folder_badge_plus.svg","folder_badge_plus","新建文件夹","U+F0004","办公文件","笔记"
"folder_fill.svg","folder_fill","工作","U+F00C6","办公文件","应用市场"
"form.svg","form","表格","U+F0194","办公文件","备忘录"
"forward_end_fill.svg","forward_end_fill","下一首","U+F00A7","媒体","播控"
"full_screen_fill.svg","full_screen_fill","预览","U+F054A","系统UI","图库"
"gearshape.svg","gearshape","设置","U+F0020","系统UI","相机"
"gobackward_15.svg","gobackward_15","快退15s","U+F03F2","媒体","播控"
"gobackward_30.svg","gobackward_30","快退30s","U+F03F3","媒体","播控"
"goforward_10.svg","goforward_10","快进10s","U+F03F4","媒体","播控"
"goforward_15.svg","goforward_15","快进15s","U+F03F5","媒体","播控"
"goforward_30.svg","goforward_30","快进30s","U+F03F6","媒体","播控"
"grid.svg","grid","网格","U+F0670","办公文件","绘画"
"hand_draw.svg","hand_draw","智选消除","U+F0066","相机与照片","图库"
"hand_point_up_tap_fill.svg","hand_point_up_tap_fill","点击","U+F0484","系统UI / 人物","智慧生活"
"hand_point_up_tap_fill_1.svg","hand_point_up_tap_fill_1","显示触摸轨迹","U+F0522","系统UI / 人物","截录屏"
"hand_point_up_tap_fill_slash.svg","hand_point_up_tap_fill_slash","关闭触摸轨迹","U+F0671","系统UI / 人物","截录屏"
"hand_raised_hexagon.svg","hand_raised_hexagon","拦截规则","U+F0743","隐私&安全","通信社交"
"hand_raised_hexagon_fill.svg","hand_raised_hexagon_fill","骚扰电话","U+F0487","隐私&安全","通信社交"
"hand_tap.svg","hand_tap","检测项_触摸屏 ","U+F048A","系统UI / 人物","DFS"
"hand_thumbsup_fill.svg","hand_thumbsup_fill","赞扬","U+F05D7","系统UI","输入法"
"hd_square_fill.svg","hd_square_fill","HD","U+F028A","通信","通信社交"
"headphones_fill.svg","headphones_fill","头戴耳机","U+F0672","媒体","状态栏"
"heart.svg","heart","取消收藏","U+F0025","系统UI","图库"
"heart_fill.svg","heart_fill","收藏","U+F0021","系统UI","图库"
"heart_slash.svg","heart_slash","不喜欢","U+F0024","系统UI","华为音乐"
"heart_square_stack_fill.svg","heart_square_stack_fill","时刻","U+F0514","相机与照片","图库"
"hotspot.svg","hotspot","智能热点","U+F028F","连接","设置"
"house.svg","house","home","U+F0027","系统UI","主题"
"house_fill.svg","house_fill","首页-选中","U+F0026","系统UI","华为音乐"
"icloud.svg","icloud","云开启","U+F0294","连接","图库"
"icloud_slash.svg","icloud_slash","云关闭","U+F0293","连接","图库"
"icloud_slash_fill.svg","icloud_slash_fill","云关闭","U+F0292","连接","图库"
"identify_song.svg","identify_song","听歌识曲","U+F033B","媒体","华为音乐"
"indent_right.svg","indent_right","缩进","U+F0163","编辑","备忘录"
"indentation_left.svg","indentation_left","缩进2","U+F0164","编辑","备忘录"
"info_circle.svg","info_circle","模式详情","U+F0296","符号标识","相机"
"info_shield.svg","info_shield","隐私声明","U+F0297","符号标识","图库"
"input_mode.svg","input_mode","输入方式","U+F0494","键盘","输入法"
"key_horizontal.svg","key_horizontal","添加车钥匙","U+F049B","隐私&安全","钱包"
"key_shield.svg","key_shield","设置","U+F049E","隐私&安全","隐私和安全"
"key_shield_fill.svg","key_shield_fill","超级隐私","U+F049D","隐私&安全","超级隐私"
"keyboard_badge_bihua.svg","keyboard_badge_bihua","笔画","U+F0302","键盘","输入法"
"keyboard_badge_cangjie.svg","keyboard_badge_cangjie","仓颉","U+F0303","键盘","输入法"
"keyboard_badge_handwritten.svg","keyboard_badge_handwritten","键盘手写","U+F0306","键盘","输入法"
"keyboard_badge_spell.svg","keyboard_badge_spell","拼音","U+F0307","键盘","输入法"
"keyboard_badge_wubi.svg","keyboard_badge_wubi","五笔","U+F0308","键盘","输入法"
"keyboard_badge_zhuyin.svg","keyboard_badge_zhuyin","注音","U+F0309","键盘","输入法"
"keyboard_circle.svg","keyboard_circle","键盘","U+F0172","键盘","通信社交"
"keyboard_onehanded_left.svg","keyboard_onehanded_left","右手模式","U+F030C","键盘","输入法"
"keyboard_onehanded_right.svg","keyboard_onehanded_right","左手模式","U+F030D","键盘","输入法"
"keyboard_square.svg","keyboard_square","悬浮键盘","U+F030E","键盘","输入法"
"keyboard_thumbmode.svg","keyboard_thumbmode","拇指模式","U+F030F","键盘","输入法"
"label.svg","label","标注","U+F0208","系统UI","图库"
"lightbulb.svg","lightbulb","开启柔关灯","U+F029C","相机与照片","相机"
"lightbulb_slash.svg","lightbulb_slash","关闭柔关灯","U+F029A","相机与照片","相机"
"line_arrowtriangle_2_inward.svg","line_arrowtriangle_2_inward","自拍镜像","U+F0068","相机与照片","相机"
"line_below_arrowtriangle_up_circle_fill.svg","line_below_arrowtriangle_up_circle_fill","移除设备 filled","U+F0416","箭头","文管"
"line_below_arrowtriangle_up_fill.svg","line_below_arrowtriangle_up_fill","移除设备","U+F0417","箭头","文管"
"line_viewfinder.svg","line_viewfinder","扫一扫","U+F0028","系统UI","锁屏AOD"
"link_slash.svg","link_slash","断开连接","U+F02A0","连接","打印和扫描"
"list_bullet.svg","list_bullet","项目符号-圆点","U+F0069","编辑","备忘录"
"list_bullet_circle.svg","list_bullet_circle","公众号消息menu","U+F0166","编辑","通信社交"
"list_bullet_square_fill.svg","list_bullet_square_fill","属性","U+F0167","编辑","绘画"
"list_checkmask.svg","list_checkmask","列表-列表编辑","U+F0142","编辑","华为音乐"
"list_interrupt.svg","list_interrupt","列表-节奏","U+F033C","媒体","华为音乐"
"list_letter.svg","list_letter","项目符号-字母","U+F0144","编辑","备忘录"
"list_number.svg","list_number","项目符号-数字","U+F0143","编辑","备忘录"
"list_square.svg","list_square","项目符号-方形","U+F0145","编辑","备忘录"
"list_square_bill.svg","list_square_bill","服务协议","U+F05BF","办公文件","华为视频"
"livephoto.svg","livephoto","动态照片","U+F05F7","相机与照片","图库"
"local_fill.svg","local_fill","定位","U+F01B8","交通出行","图库"
"location_north_up_right_circle_fill.svg","location_north_up_right_circle_fill","距震中距离","U+F080D","交通出行","通信社交"
"lock.svg","lock","关闭","U+F0008","系统UI / 隐私&安全","输入法"
"lock_fill.svg","lock_fill","锁","U+F04C1","系统UI / 隐私&安全","图库"
"lock_filled_arrow_counterclockwise.svg","lock_filled_arrow_counterclockwise","旋转锁定","U+F057C","系统UI","控制中心"
"lock_open.svg","lock_open","开启","U+F04C4","系统UI / 隐私&安全","输入法"
"lock_open_fill.svg","lock_open_fill","解锁","U+F04C3","系统UI / 隐私&安全","图库"
"magnifyingglass.svg","magnifyingglass","搜索","U+F0029","系统UI","全搜"
"map.svg","map","显示地图","U+F01C2","交通出行","APP"
"map_badge_local.svg","map_badge_local","地图","U+F01C0","交通出行","查找设备"
"map_slash.svg","map_slash","隐藏地图","U+F01C3","交通出行","APP"
"media_center.svg","media_center","播控中心","U+F067C","媒体","全场景协同"
"message.svg","message","短信","U+F008F","通信","应用市场"
"message_badge_gearshape_1.svg","message_badge_gearshape_1","消息管理","U+F0756","通信","智慧生活"
"message_on_message.svg","message_on_message","畅连消息","U+F008E","通信","通信社交"
"message_on_message_fill.svg","message_on_message_fill","消息tab","U+F008D","通信","通信社交"
"mic.svg","mic","语音","U+F0006","系统UI / 通信","全搜"
"mic_circle.svg","mic_circle","语音","U+F0314","通信","智慧屏"
"mic_fill.svg","mic_fill","话筒","U+F0315","系统UI / 通信","状态栏"
"mic_slash.svg","mic_slash","静音","U+F0758","通信","通信社交"
"mic_slash_fill.svg","mic_slash_fill","静音-面性","U+F0317","通信","通信社交"
"minus.svg","minus","减少","U+F002C","系统UI","相机"
"minus_circle.svg","minus_circle","移除","U+F002B","系统UI","图库"
"minus_magnifyingglass.svg","minus_magnifyingglass","缩小","U+F0680","系统UI","设置"
"mobiledata.svg","mobiledata","检测项_移动网络 ","U+F02A9","连接","DFS"
"moon_circle_fill.svg","moon_circle_fill","望月模式开","U+F056E","系统UI","相机"
"moon_fill.svg","moon_fill","免打扰","U+F002D","系统UI","状态栏"
"moon_slash_circle.svg","moon_slash_circle","望月模式关","U+F056F","系统UI","相机"
"more.svg","more","更多","U+F0570","系统UI","备忘录"
"movie_fill.svg","movie_fill","观影","U+F04D2","相机与照片","智慧生活"
"music.svg","music","音乐","U+F00AD","媒体","相机"
"music_fill.svg","music_fill","音乐","U+F00AA","媒体","智慧生活"
"music_note_list.svg","music_note_list","播放队列","U+F00AC","媒体","华为音乐"
"navigation.svg","navigation","导航","U+F0810","交通出行","查找设备"
"nearlink.svg","nearlink","设置","U+F075C","隐私&安全","隐私和安全"
"nfc.svg","nfc","NFC","U+F04D7","系统UI / 连接","DFS"
"nfc_fill.svg","nfc_fill","NFC","U+F04D6","系统UI / 连接","状态栏"
"nosign.svg","nosign","关闭","U+F010E","符号标识","相机"
"onehand.svg","onehand","单手模式","U+F0318","键盘","输入法"
"open_sidebar.svg","open_sidebar","打开","U+F08A7","编辑","备忘录"
"order_play.svg","order_play","顺序播放","U+F00AE","媒体","华为音乐"
"oval.svg","oval","椭圆形","U+F034B","形状","截录屏"
"paintbrush.svg","paintbrush","画笔","U+F07DE","编辑","绘画"
"paintbrush_fill.svg","paintbrush_fill","选中画笔","U+F07DD","编辑","绘画"
"paintpalette.svg","paintpalette","色调","U+F0125","相机与照片","图库"
"paintpalette_fill.svg","paintpalette_fill","颜色动态","U+F0124","编辑","绘画"
"paperclip.svg","paperclip","附件","U+F010F","办公文件","备忘录"
"paperplane.svg","paperplane","邮件","U+F0030","系统UI / 箭头","电子邮件"
"paperplane_right_fill.svg","paperplane_right_fill","发送","U+F08A8","系统UI","输入法"
"pause.svg","pause","暂停","U+F00B1","媒体","播控"
"pause_round_triangle_fill.svg","pause_round_triangle_fill","暂停","U+F086B","媒体","华为音乐"
"pencil_line_1.svg","pencil_line_1","高亮色","U+F0626","编辑","预览"
"pencil_waveform.svg","pencil_waveform","涂鸦","U+F006C","编辑","通信社交"
"pencil_waveform_fill.svg","pencil_waveform_fill","涂鸦-面性","U+F0627","编辑","通信社交"
"person.svg","person","账号","U+F05E5","人物","输入法"
"person_2.svg","person_2","添加邮件联系人邮箱","U+F05DC","人物","邮件"
"person_2_fill.svg","person_2_fill","合并","U+F05DB","人物","图库"
"person_badge_plus.svg","person_badge_plus","添加人像","U+F05DF","人物","图库"
"person_crop_circle_fill_1.svg","person_crop_circle_fill_1","我的-未选中","U+F05F3","人物","主题"
"person_filled_badge_plus.svg","person_filled_badge_plus","添加成员","U+F05E4","人物","通信社交"
"person_filled_viewfinder.svg","person_filled_viewfinder","随影人动_on","U+F0579","人物","通信社交"
"person_shield.svg","person_shield","隐私管理","U+F04DE","隐私&安全","智慧助手"
"person_shield_fill.svg","person_shield_fill","隐私声明","U+F04DD","隐私&安全","隐私规范涉及"
"person_square_fill.svg","person_square_fill","随影人动_off","U+F057A","人物","通信社交"
"phone_down_fill.svg","phone_down_fill","挂断","U+F009F","通信","通信社交"
"phone_fill.svg","phone_fill","童话","U+F009E","通信","音量条"
"picture.svg","picture","图片","U+F0003","相机与照片","图库"
"picture_2.svg","picture_2","从图库中选择","U+F04E5","相机与照片","备忘录"
"picture_damage.svg","picture_damage","检测项_应用 ","U+F04E9","相机与照片","DFS"
"picture_fill.svg","picture_fill","图片","U+F04EA","相机与照片","图库"
"pin.svg","pin","取消常驻","U+F0032","系统UI","小艺建议"
"pin_fill_1.svg","pin_fill_1","设为常驻","U+F08AB","系统UI","小艺建议"
"play_circle_fill.svg","play_circle_fill","旋转","U+F00B2","媒体","图库"
"play_fill.svg","play_fill","播放","U+F00B4","媒体","播控"
"play_hexagon_fill.svg","play_hexagon_fill","视频","U+F0813","媒体","浏览器"
"play_round_rectangle_fill.svg","play_round_rectangle_fill","短视频","U+F0814","媒体","华为视频"
"play_video.svg","play_video","微电影","U+F04EE","相机与照片","相机"
"play_video_fill.svg","play_video_fill","脚本","U+F08AC","相机与照片","输入法"
"plus.svg","plus","增加","U+F0035","系统UI","相机"
"plus_magnifyingglass.svg","plus_magnifyingglass","放大","U+F0127","系统UI","设置"
"plus_square.svg","plus_square","定制工具栏","U+F08C3","系统UI","输入法"
"plus_square_on_square_fill.svg","plus_square_on_square_fill","复印","U+F006D","系统UI","打印和扫描"
"portrait.svg","portrait","人像","U+F05C7","人物","相机"
"position.svg","position","设置","U+F01CA","交通出行","隐私和安全"
"power.svg","power","开关机键","U+F0036","系统UI","DFS"
"puzzle.svg","puzzle","拼图","U+F04A0","相机与照片","图库"
"puzzle_fill.svg","puzzle_fill","拼图","U+F04B5","相机与照片","图库"
"qrcode.svg","qrcode","二维码","U+F0128","系统UI","图库"
"questionmark_circle.svg","questionmark_circle","帮助与客服","U+F0100","符号标识","应用市场"
"rays.svg","rays","检测项_重启 ","U+F0037","系统UI","DFS"
"record_circle.svg","record_circle","语音视频消息","U+F00B7","媒体","通信社交"
"recordingtape.svg","recordingtape","语音信箱","U+F0176","通信","通信社交"
"recordingtape_rectangle.svg","recordingtape_rectangle","语音信箱","U+F0175","通信","通信社交"
"recordingtape_rectangle_fill.svg","recordingtape_rectangle_fill","语音信箱","U+F0174","通信","通信社交"
"rectangle.svg","rectangle","矩形","U+F0070","形状","截录屏"
"rectangle_and_arrowshape_turn_up_right.svg","rectangle_and_arrowshape_turn_up_right","转发","U+F00D5","系统UI / 箭头","邮件"
"rectangle_and_cut.svg","rectangle_and_cut","截屏","U+F006F","编辑","图库"
"rectangle_on_rectangle.svg","rectangle_on_rectangle","相册","U+F04A2","相机与照片","图库"
"rectangle_on_rectangle_fill.svg","rectangle_on_rectangle_fill","相册","U+F04A1","相机与照片","图库"
"rectangle_portrait_rotate.svg","rectangle_portrait_rotate","检测项_重力感应 ","U+F0038","系统UI","DFS"
"rectangle_rotate.svg","rectangle_rotate","切换模式","U+F08AD","系统UI","教育中心"
"rectangle_split_3x1.svg","rectangle_split_3x1","分栏视图","U+F0528","形状","文管"
"redo.svg","redo","重做","U+F01F4","系统UI / 箭头","图库"
"remove_songlist.svg","remove_songlist","从列表移除","U+F0363","媒体","华为音乐"
"rename.svg","rename","重命名","U+F0071","编辑","通信社交"
"repeat.svg","repeat","循环播放","U+F00B8","媒体","图库"
"repeat_1.svg","repeat_1","单曲循环","U+F00B9","媒体","华为音乐"
"resolution_video.svg","resolution_video","视频分辨率","U+F04A3","相机与照片","相机"
"reverse_order.svg","reverse_order","切换分屏位置","U+F03FD","媒体","智慧多窗"
"rotate_left.svg","rotate_left","旋转","U+F0364","形状","图库"
"route_plan.svg","route_plan","路线规划","U+F07E4","交通出行","钱包"
"satellite.svg","satellite","天通卫星","U+F0177","通信","通信社交"
"satellite_map.svg","satellite_map","隐藏卫星地图","U+F0775","交通出行","APP"
"satellite_map_fill.svg","satellite_map_fill","显示卫星地图","U+F0774","交通出行","APP"
"save.svg","save","保存","U+F003B","系统UI","图库"
"scope.svg","scope","开启目标追踪","U+F04A6","相机与照片","相机"
"scope_slash.svg","scope_slash","关闭目标追踪","U+F04A5","相机与照片","相机"
"selector.svg","selector","编辑光标移动","U+F031B","键盘","输入法"
"service.svg","service","客服","U+F0365","媒体","钱包"
"share.svg","share","分享 ","U+F003D","系统UI","备忘录"
"shuffle.svg","shuffle","随机播放","U+F00B5","媒体","华为音乐"
"shutter_photo.svg","shutter_photo","图库入口","U+F04AF","相机与照片","相机"
"skip_silence.svg","skip_silence","跳过静音","U+F03BB","媒体","录音机"
"slider_horizontal_2.svg","slider_horizontal_2","控制中心","U+F0072","系统UI","桌面"
"slider_vertical_3.svg","slider_vertical_3","呼吸节奏","U+F012A","系统UI","APP"
"smallcircle_filled_circle.svg","smallcircle_filled_circle","粗细","U+F0169","形状","截录屏"
"sort.svg","sort","备注","U+F0581","编辑","通信社交"
"space_1.svg","space_1","空格","U+F031C","键盘","输入法"
"speaker.svg","speaker","音量","U+F0044","系统UI","华为音乐"
"speaker_slash.svg","speaker_slash","拍摄静音","U+F0043","系统UI","相机"
"speaker_wave_3.svg","speaker_wave_3","检测项_扬声器 ","U+F004A","系统UI","DFS"
"speaker_wave_3_slash.svg","speaker_wave_3_slash","关闭声音","U+F058F","系统UI","图库"
"square.svg","square","方形","U+F0075","形状","截录屏"
"square_and_pencil.svg","square_and_pencil","编辑","U+F0073","编辑","图库"
"square_and_pencil_fill.svg","square_and_pencil_fill","重命名相册","U+F0074","编辑","图库"
"square_fill_grid_2x2.svg","square_fill_grid_2x2","分类相册","U+F004B","系统UI","图库"
"square_grid_2x2.svg","square_grid_2x2","检测项_应用 ","U+F00E3","系统UI","DFS"
"square_slash.svg","square_slash","无边框","U+F04B4","相机与照片","图库"
"star.svg","star","获赞与收藏","U+F004E","系统UI","应用市场"
"star_fill.svg","star_fill","ic_favourites_filled","U+F0009","系统UI","备忘录"
"staroflife_rectangle.svg","staroflife_rectangle","密码登录","U+F04F8","隐私&安全","SDK"
"stopwatch_2.svg","stopwatch_2","秒表","U+F05F0","时间","时钟"
"sun_max.svg","sun_max","曝光","U+F0050","系统UI","相机"
"sun_max_fill.svg","sun_max_fill","主题-选中态-黄","U+F004F","系统UI","华为阅读"
"sun_min.svg","sun_min","主题-light","U+F0051","系统UI","华为阅读"
"swap.svg","swap","列表-排序","U+F02D1","编辑","华为音乐"
"swipeup_input.svg","swipeup_input","上滑输入","U+F031E","键盘","输入法"
"template.svg","template","热剧","U+F04FF","相机与照片","华为视频"
"template_fill.svg","template_fill","视频","U+F04FE","相机与照片","天际通"
"text_aligncenter.svg","text_aligncenter","居中对齐","U+F0076","编辑","备忘录"
"text_alignleft.svg","text_alignleft","左对齐","U+F0077","编辑","备忘录"
"text_alignright.svg","text_alignright","右对齐","U+F0078","编辑","备忘录"
"text_and_arrow_down.svg","text_and_arrow_down","列表-倒序","U+F0079","编辑","华为音乐"
"text_and_arrow_up.svg","text_and_arrow_up","列表-正序","U+F007A","编辑","华为音乐"
"text_clipboard.svg","text_clipboard","设置","U+F019D","办公文件","隐私和安全"
"textformat_size_square.svg","textformat_size_square","字体大小","U+F007C","编辑","输入法"
"timer.svg","timer","定时拍摄","U+F0406","时间","相机"
"timer_circle_fill.svg","timer_circle_fill","计时器","U+F05F6","时间","时钟"
"touchid.svg","touchid","小指纹","U+F0507","隐私&安全","锁屏AOD"
"traditional_square.svg","traditional_square","繁体输入","U+F0322","键盘","输入法"
"transfer_station.svg","transfer_station","中转站","U+F0788","箭头","中转站"
"translate.svg","translate","hitouch全屏翻译","U+F007E","键盘","hivison/hitouch"
"translate_c2e.svg","translate_c2e","ic_translate_c2e","U+F0323","键盘","邮件"
"translate_e2c.svg","translate_e2c","ic_translate_e2c","U+F0324","键盘","邮件"
"transparency_lock.svg","transparency_lock","透明度锁定","U+F0639","编辑","绘画"
"trapezoid_and_line_horizontal.svg","trapezoid_and_line_horizontal","水平校正","U+F016A","编辑","图库"
"trapezoid_and_line_vertical.svg","trapezoid_and_line_vertical","垂直校正","U+F016B","编辑","图库"
"trash.svg","trash","删除","U+F0001","系统UI","全搜"
"trash_fill.svg","trash_fill","删除相册","U+F0052","系统UI","图库"
"triangleshape_fill.svg","triangleshape_fill","稳定性","U+F036B","编辑","绘画"
"undo.svg","undo","撤销","U+F01F3","系统UI / 箭头","图库"
"vertical_flip.svg","vertical_flip","垂直翻转","U+F063B","编辑","绘画"
"video_fill.svg","video_fill","视频","U+F00A3","相机与照片","图库"
"video_slasj_fill.svg","video_slasj_fill","关闭摄像头","U+F0841","相机与照片","通信社交"
"vpn_key.svg","vpn_key","VPN","U+F078F","隐私&安全","状态栏"
"wifi.svg","wifi","检测项_WLAN ","U+F0000","系统UI / 连接","DFS"
"wifi_slash.svg","wifi_slash","WLAN 关闭","U+F0691","系统UI / 连接","桌面"
"worldclock.svg","worldclock","语言切换","U+F040A","时间","输入法"
"worldclock_fill.svg","worldclock_fill","震中经纬度","U+F0409","时间","通信社交"
"worldclock_fill_2.svg","worldclock_fill_2","世界时钟","U+F05F1","时间","时钟"
"xmark.svg","xmark","退出","U+F0056","系统UI","图库"
"xmark_circle.svg","xmark_circle","关闭","U+F0055","系统UI","输入法"
"xmark_circle_fill.svg","xmark_circle_fill","取消","U+F0054","系统UI","图库"
"xmark_picture.svg","xmark_picture","开启智能无图","U+F0842","相机与照片","浏览器"
"xmark_picture_fill.svg","xmark_picture_fill","关闭智能无图","U+F0821","相机与照片","浏览器"
